Bezirk;Land;RB;Kreis;Gem;Bezeichnung;Bevölkerung;PLZ;Grad_Verstädterung
0;14;5.0;11.0;0.0;Chemnitz, Stadt;244401.0;9111.0;1.0
1;14;5.0;21.0;10.0;Amtsberg;3676.0;9439.0;2.0
1;14;5.0;21.0;20.0;Annaberg-Buchholz, Stadt;19393.0;9456.0;2.0
1;14;5.0;21;30;Aue;19124;8280;2
1;14;5.0;21.0;35.0;Aue-Bad Schlema, Stadt;20084.0;8280.0;2.0
1;14;5;21;50;Bad Schlema;5649;8301;2
1;14;5.0;21.0;110.0;Breitenbrunn/Erzgeb.;5157.0;8359.0;3.0
1;14;5.0;21.0;130.0;Crottendorf;3976.0;9474.0;3.0
1;14;5.0;21.0;150.0;Drebach;5080.0;9430.0;3.0
1;14;5.0;21.0;160.0;Ehrenfriedersdorf, Stadt;4638.0;9427.0;2.0
1;14;5.0;21.0;170.0;Eibenstock, Stadt;7193.0;8309.0;3.0
1;14;5.0;21.0;200.0;Gelenau/Erzgeb.;4104.0;9423.0;2.0
1;14;5.0;21.0;240.0;Großolbersdorf;2773.0;9432.0;3.0
1;14;5.0;21.0;250.0;Großrückerswalde;3353.0;9518.0;3.0
1;14;5.0;21.0;260.0;Grünhain-Beierfeld, Stadt;5768.0;8344.0;2.0
1;14;5.0;21.0;290.0;Hohndorf;3461.0;9394.0;2.0
1;14;5.0;21.0;310.0;Jahnsdorf/Erzgeb.;5450.0;9387.0;3.0
1;14;5.0;21.0;320.0;Johanngeorgenstadt, Stadt;3879.0;8349.0;3.0
1;14;5.0;21.0;330.0;Jöhstadt, Stadt;2569.0;9477.0;3.0
1;14;5.0;21.0;355.0;Lauter-Bernsbach, Stadt;8524.0;8315.0;2.0
1;14;5.0;21.0;370.0;Lößnitz, Stadt;8074.0;8294.0;2.0
1;14;5.0;21.0;390.0;Marienberg, Stadt;16716.0;9496.0;3.0
1;14;5.0;21.0;400.0;Mildenau;3388.0;9456.0;3.0
1;14;5.0;21.0;410.0;Neukirchen/Erzgeb.;7000.0;9221.0;2.0
1;14;5.0;21.0;440.0;Oberwiesenthal, Kurort, Stadt;2055.0;9484.0;3.0
1;14;5.0;21.0;450.0;Oelsnitz/Erzgeb., Stadt;10983.0;9376.0;2.0
1;14;5.0;21.0;460.0;Olbernhau, Stadt;10694.0;9526.0;2.0
1;14;5;21;470.0;Pfaffroda;3293;9526.0;2
1;14;5.0;21.0;495.0;Pockau-Lengefeld, Stadt;7472.0;9514.0;3.0
1;14;5.0;21.0;500.0;Raschau-Markersbach;4948.0;8352.0;2.0
1;14;5.0;21.0;530.0;Schneeberg, Stadt;13790.0;8289.0;2.0
1;14;5.0;21.0;540.0;Schönheide;4289.0;8304.0;2.0
1;14;5.0;21.0;550.0;Schwarzenberg/Erzgeb., Stadt;16168.0;8340.0;2.0
1;14;5.0;21.0;560.0;Sehmatal;6307.0;9465.0;2.0
1;14;5.0;21.0;600.0;Stützengrün;3104.0;8328.0;3.0
1;14;5.0;21.0;620.0;Thalheim/Erzgeb., Stadt;5968.0;9380.0;2.0
1;14;5.0;21.0;630.0;Thermalbad Wiesenbad;3207.0;9488.0;3.0
1;14;5.0;21.0;640.0;Thum, Stadt;5056.0;9419.0;2.0
1;14;5.0;21.0;670.0;Wolkenstein, Stadt;3886.0;9429.0;3.0
1;14;5.0;21.0;60.0;Bärenstein;2288.0;9471.0;3.0
1;14;5.0;21.0;340.0;Königswalde;2196.0;9471.0;3.0
1;14;5.0;21.0;40.0;Auerbach;2432.0;9392.0;2.0
1;14;5.0;21.0;120.0;Burkhardtsdorf;6091.0;9235.0;2.0
1;14;5.0;21.0;230.0;Gornsdorf;1897.0;9390.0;2.0
1;14;5.0;21.0;210.0;Geyer, Stadt;3385.0;9468.0;3.0
1;14;5.0;21.0;610.0;Tannenberg;1079.0;9468.0;3.0
1;14;5.0;21.0;380.0;Lugau/Erzgeb., Stadt;7907.0;9385.0;2.0
1;14;5.0;21.0;430.0;Niederwürschnitz;2573.0;9399.0;2.0
1;14;5.0;21.0;510.0;Scheibenberg, Stadt;2054.0;9481.0;2.0
1;14;5.0;21.0;520.0;Schlettau, Stadt;2345.0;9487.0;3.0
1;14;5.0;21.0;140.0;Deutschneudorf;970.0;9548.0;3.0
1;14;5.0;21.0;280.0;Heidersdorf;777.0;9526.0;3.0
1;14;5.0;21.0;570.0;Seiffen/Erzgeb., Kurort;2076.0;9548.0;3.0
1;14;5.0;21.0;420.0;Niederdorf;1310.0;9366.0;2.0
1;14;5.0;21.0;590.0;Stollberg/Erzgeb., Stadt;11235.0;9366.0;2.0
1;14;5.0;21.0;220.0;Gornau/Erzgeb.;3749.0;9405.0;3.0
1;14;5.0;21.0;690.0;Zschopau, Stadt;9024.0;9405.0;2.0
1;14;5.0;21.0;80.0;Bockau;2200.0;8324.0;3.0
1;14;5.0;21.0;700.0;Zschorlau;5165.0;8321.0;2.0
1;14;5.0;21.0;180.0;Elterlein, Stadt;2809.0;9481.0;3.0
1;14;5.0;21.0;710.0;Zwönitz, Stadt;11861.0;8297.0;2.0
1;14;5.0;21.0;90.0;Börnichen/Erzgeb.;972.0;9437.0;3.0
1;14;5.0;21.0;270.0;Grünhainichen;3339.0;9579.0;3.0
2;14;5.0;22.0;20.0;Augustusburg, Stadt;4508.0;9573.0;3.0
2;14;5.0;22.0;35.0;Bobritzsch-Hilbersdorf;5622.0;9627.0;3.0
2;14;5.0;22.0;50.0;Brand-Erbisdorf, Stadt;9145.0;9618.0;2.0
2;14;5.0;22.0;70.0;Claußnitz;3004.0;9236.0;2.0
2;14;5.0;22.0;80.0;Döbeln, Stadt;23467.0;4720.0;2.0
2;14;5.0;22.0;110.0;Eppendorf;4013.0;9575.0;3.0
2;14;5.0;22.0;120.0;Erlau;3141.0;9306.0;3.0
2;14;5.0;22.0;140.0;Flöha, Stadt;10607.0;9557.0;2.0
2;14;5.0;22.0;150.0;Frankenberg/Sa., Stadt;13784.0;9669.0;2.0
2;14;5.0;22.0;170.0;Frauenstein, Stadt;2733.0;9623.0;3.0
2;14;5.0;22.0;180.0;Freiberg, Stadt, Universitätsstadt;39948.0;9599.0;2.0
2;14;5.0;22.0;190.0;Geringswalde, Stadt;4212.0;9326.0;3.0
2;14;5.0;22.0;200.0;Großhartmannsdorf;2465.0;9618.0;3.0
2;14;5.0;22.0;210.0;Großschirma, Stadt;5580.0;9603.0;3.0
2;14;5.0;22.0;220.0;Großweitzschen;2739.0;4720.0;3.0
2;14;5.0;22.0;230.0;Hainichen, Stadt;8531.0;9661.0;2.0
2;14;5.0;22.0;240.0;Halsbrücke;5101.0;9633.0;3.0
2;14;5.0;22.0;250.0;Hartha, Stadt;6891.0;4746.0;3.0
2;14;5.0;22.0;260.0;Hartmannsdorf;4421.0;9232.0;2.0
2;14;5.0;22.0;290.0;Königshain-Wiederau;2580.0;9306.0;3.0
2;14;5.0;22.0;300.0;Kriebstein;2058.0;9648.0;3.0
2;14;5.0;22.0;310.0;Leisnig, Stadt;8156.0;4703.0;2.0
2;14;5.0;22.0;320.0;Leubsdorf;3257.0;9573.0;3.0
2;14;5.0;22.0;330.0;Lichtenau;7063.0;9244.0;3.0
2;14;5.0;22.0;350.0;Lunzenau, Stadt;4133.0;9328.0;3.0
2;14;5.0;22.0;390.0;Mulda/Sa.;2457.0;9619.0;3.0
2;14;5.0;22.0;400.0;Neuhausen/Erzgeb.;2555.0;9544.0;3.0
2;14;5.0;22.0;420.0;Niederwiesa;4859.0;9577.0;3.0
2;14;5.0;22.0;430.0;Oberschöna;3325.0;9600.0;3.0
2;14;5.0;22.0;440.0;Oederan, Stadt;7876.0;9569.0;2.0
2;14;5.0;22.0;460.0;Penig, Stadt;8624.0;9322.0;2.0
2;14;5.0;22.0;470.0;Rechenberg-Bienenmühle;1823.0;9623.0;3.0
2;14;5.0;22.0;480.0;Reinsberg;2810.0;9629.0;3.0
2;14;5.0;22.0;500.0;Rossau;3492.0;9661.0;3.0
2;14;5.0;22.0;510.0;Roßwein, Stadt;7410.0;4741.0;2.0
2;14;5.0;22.0;540.0;Striegistal;4623.0;9661.0;3.0
2;14;5.0;22.0;570.0;Waldheim, Stadt;8845.0;4736.0;2.0
2;14;5.0;22.0;580.0;Wechselburg;1766.0;9306.0;3.0
2;14;5.0;22.0;60.0;Burgstädt, Stadt;10530.0;9217.0;2.0
2;14;5.0;22.0;380.0;Mühlau;2135.0;9241.0;2.0
2;14;5.0;22.0;550.0;Taura;2340.0;9249.0;2.0
2;14;5.0;22.0;340.0;Lichtenberg/Erzgeb.;2673.0;9638.0;3.0
2;14;5.0;22.0;590.0;Weißenborn/Erzgeb.;2489.0;9600.0;3.0
2;14;5.0;22.0;10.0;Altmittweida;1872.0;9648.0;2.0
2;14;5.0;22.0;360.0;Mittweida, Stadt, Hochschulstadt;14356.0;9648.0;2.0
2;14;5.0;22.0;450.0;Ostrau;3521.0;4749.0;3.0
2;14;5.0;22.0;620.0;Zschaitz-Ottewig;1311.0;4720.0;3.0
2;14;5.0;22.0;280.0;Königsfeld;1379.0;9306.0;3.0
2;14;5.0;22.0;490.0;Rochlitz, Stadt;5658.0;9306.0;2.0
2;14;5.0;22.0;530.0;Seelitz;1669.0;9306.0;3.0
2;14;5.0;22.0;600.0;Zettlitz;668.0;9306.0;3.0
2;14;5.0;22.0;90.0;Dorfchemnitz;1536.0;9619.0;3.0
2;14;5.0;22.0;520.0;Sayda, Stadt;1713.0;9619.0;3.0
3;14;5.0;23.0;10.0;Adorf/Vogtl., Stadt;4841.0;8626.0;3.0
3;14;5.0;23.0;20.0;Auerbach/Vogtl., Stadt;18048.0;8209.0;2.0
3;14;5.0;23.0;30.0;Bad Brambach;1807.0;8648.0;3.0
3;14;5.0;23.0;40.0;Bad Elster, Stadt;3638.0;8645.0;3.0
3;14;5.0;23.0;90.0;Ellefeld;2529.0;8236.0;2.0
3;14;5.0;23.0;100.0;Elsterberg, Stadt;3828.0;7985.0;3.0
3;14;5.0;23.0;160.0;Klingenthal, Stadt;8035.0;8248.0;2.0
3;14;5.0;23.0;170.0;Lengenfeld, Stadt;7042.0;8485.0;3.0
3;14;5.0;23.0;200.0;Markneukirchen, Stadt;7362.0;8258.0;2.0
3;14;5.0;23.0;245.0;Muldenhammer;3017.0;8262.0;3.0
3;14;5.0;23.0;280.0;Neumark;2971.0;8496.0;3.0
3;14;5.0;23.0;310.0;Pausa-Mühltroff, Stadt;4845.0;7952.0;3.0
3;14;5.0;23.0;320.0;Plauen, Stadt;64014.0;8523.0;1.0
3;14;5.0;23.0;330.0;Pöhl;2479.0;8543.0;3.0
3;14;5.0;23.0;360.0;Rodewisch, Stadt;6361.0;8228.0;2.0
3;14;5.0;23.0;365.0;Rosenbach/Vogtl.;4111.0;8539.0;3.0
3;14;5.0;23.0;380.0;Steinberg;2702.0;8237.0;3.0
3;14;5.0;23.0;450.0;Weischlitz;5753.0;8538.0;3.0
3;14;5.0;23.0;120.0;Falkenstein/Vogtl., Stadt;7888.0;8223.0;2.0
3;14;5.0;23.0;130.0;Grünbach;1645.0;8223.0;2.0
3;14;5.0;23.0;290.0;Neustadt/Vogtl.;979.0;8223.0;3.0
3;14;5.0;23.0;190.0;Limbach;1420.0;8491.0;3.0
3;14;5.0;23.0;260.0;Netzschkau, Stadt;3770.0;8491.0;2.0
3;14;5.0;23.0;60.0;Bösenbrunn;1131.0;8606.0;3.0
3;14;5.0;23.0;80.0;Eichigt;1165.0;8626.0;3.0
3;14;5.0;23.0;300.0;Oelsnitz/Vogtl., Stadt;10045.0;8606.0;2.0
3;14;5.0;23.0;440.0;Triebel/Vogtl.;1215.0;8606.0;3.0
3;14;5.0;23.0;150.0;Heinsdorfergrund;1948.0;8468.0;3.0
3;14;5.0;23.0;340.0;Reichenbach im Vogtland, Stadt;20198.0;8468.0;2.0
3;14;5.0;23;350.0;Reuth bei Plauen;1079.0;8538.0;3
3;14;5.0;23.0;230.0;Mühlental;1280.0;8261.0;3.0
3;14;5.0;23.0;370.0;Schöneck/Vogtl., Stadt;3114.0;8261.0;3.0
3;14;5.0;23.0;270.0;Neuensalz;2093.0;8541.0;3.0
3;14;5.0;23.0;430.0;Treuen, Stadt;7790.0;8233.0;3.0
3;14;5.0;23.0;50.0;Bergen;962.0;8239.0;3.0
3;14;5.0;23.0;410.0;Theuma;1036.0;8541.0;3.0
3;14;5.0;23.0;420.0;Tirpersdorf;1359.0;8606.0;3.0
3;14;5.0;23.0;460.0;Werda;1484.0;8223.0;3.0
4;14;5.0;24.0;20.0;Callenberg;4932.0;9337.0;3.0
4;14;5.0;24.0;60.0;Fraureuth;5065.0;8427.0;2.0
4;14;5.0;24.0;70.0;Gersdorf;3926.0;9355.0;2.0
4;14;5.0;24.0;80.0;Glauchau, Stadt;21965.0;8371.0;2.0
4;14;5.0;24.0;90.0;Hartenstein, Stadt;4503.0;8118.0;3.0
4;14;5.0;24.0;120.0;Hohenstein-Ernstthal, Stadt;14310.0;9337.0;2.0
4;14;5.0;24.0;140.0;Langenbernsdorf;3548.0;8428.0;3.0
4;14;5.0;24.0;150.0;Langenweißbach;2464.0;8134.0;3.0
4;14;5.0;24.0;170.0;Lichtentanne;6260.0;8115.0;2.0
4;14;5.0;24.0;200.0;Mülsen;10922.0;8132.0;2.0
4;14;5.0;24.0;210.0;Neukirchen/Pleiße;3872.0;8459.0;2.0
4;14;5.0;24.0;230.0;Oberlungwitz, Stadt;5851.0;9353.0;2.0
4;14;5.0;24.0;250.0;Reinsdorf;7349.0;8141.0;2.0
4;14;5.0;24.0;300.0;Werdau, Stadt;20471.0;8412.0;2.0
4;14;5.0;24.0;310.0;Wildenfels, Stadt;3565.0;8134.0;3.0
4;14;5.0;24.0;320.0;Wilkau-Haßlau, Stadt;9531.0;8112.0;2.0
4;14;5.0;24.0;330.0;Zwickau, Stadt;87516.0;8056.0;1.0
4;14;5.0;24.0;30.0;Crimmitschau, Stadt;18167.0;8451.0;2.0
4;14;5.0;24.0;50.0;Dennheritz;1286.0;8393.0;3.0
4;14;5.0;24.0;40.0;Crinitzberg;1852.0;8147.0;3.0
4;14;5.0;24.0;100.0;Hartmannsdorf b. Kirchberg;1378.0;8107.0;3.0
4;14;5.0;24.0;110.0;Hirschfeld;1143.0;8144.0;3.0
4;14;5.0;24.0;130.0;Kirchberg, Stadt;8166.0;8107.0;2.0
4;14;5.0;24.0;180.0;Limbach-Oberfrohna, Stadt;23711.0;9212.0;2.0
4;14;5.0;24.0;220.0;Niederfrohna;2243.0;9243.0;2.0
4;14;5.0;24.0;190.0;Meerane, Stadt;13934.0;8393.0;2.0
4;14;5.0;24.0;270.0;Schönberg;889.0;8393.0;3.0
4;14;5.0;24.0;10.0;Bernsdorf;2180.0;9337.0;2.0
4;14;5.0;24.0;160.0;Lichtenstein/Sa., Stadt;11087.0;9350.0;2.0
4;14;5.0;24.0;280.0;St. Egidien;3257.0;9356.0;3.0
4;14;5.0;24.0;240.0;Oberwiera;1004.0;8396.0;3.0
4;14;5.0;24.0;260.0;Remse;1627.0;8373.0;3.0
4;14;5.0;24.0;290.0;Waldenburg, Stadt;4059.0;8396.0;3.0
5;14;6.0;12.0;0.0;Dresden, Stadt;556227.0;1067.0;1.0
6;14;6.0;25.0;10.0;Arnsdorf;4908.0;1477.0;3.0
6;14;6.0;25.0;20.0;Bautzen / Budyšin, Stadt;38006.0;2625.0;2.0
6;14;6.0;25.0;30.0;Bernsdorf, Stadt;6344.0;2994.0;3.0
6;14;6.0;25;50;Bretnig-Hauswalde;3276;1900;2
6;14;6.0;25.0;60.0;Burkau;2632.0;1906.0;3.0
6;14;6.0;25.0;90.0;Cunewalde;4587.0;2733.0;3.0
6;14;6.0;25.0;100.0;Demitz-Thumitz;2637.0;1877.0;3.0
6;14;6.0;25.0;110.0;Doberschau-Gaußig / Dobruša-Huska;4173.0;2692.0;3.0
6;14;6.0;25.0;120.0;Elsterheide / Halštrowska Hola;3435.0;2979.0;3.0
6;14;6.0;25.0;130.0;Elstra, Stadt;2704.0;1920.0;3.0
6;14;6.0;25.0;150.0;Göda / Hodźij;3020.0;2633.0;3.0
6;14;6.0;25.0;160.0;Großdubrau / Wulka Dubrawa;4268.0;2694.0;3.0
6;14;6.0;25.0;200.0;Großröhrsdorf, Stadt;9659.0;1900.0;2.0
6;14;6.0;25.0;220.0;Haselbachtal;3997.0;1920.0;3.0
6;14;6.0;25.0;230.0;Hochkirch / Bukecy;2250.0;2627.0;3.0
6;14;6.0;25.0;240.0;Hoyerswerda / Wojerecy, Stadt;31790.0;2977.0;2.0
6;14;6.0;25.0;250.0;Kamenz / Kamjenc, Stadt;16998.0;1917.0;2.0
6;14;6.0;25.0;280.0;Königswartha / Rakecy;3394.0;2699.0;3.0
6;14;6.0;25.0;290.0;Kubschütz / Kubšicy;2533.0;2627.0;3.0
6;14;6.0;25.0;310.0;Lauta, Stadt;8211.0;2991.0;2.0
6;14;6.0;25.0;330.0;Lohsa / Łaz;5187.0;2999.0;3.0
6;14;6.0;25.0;340.0;Malschwitz / Malešecy;4637.0;2694.0;3.0
6;14;6.0;25.0;380.0;Neukirch/Lausitz;4806.0;1904.0;2.0
6;14;6.0;25.0;420.0;Oßling;2262.0;1920.0;3.0
6;14;6.0;25.0;430.0;Ottendorf-Okrilla;9942.0;1458.0;2.0
6;14;6.0;25.0;480.0;Radeberg, Stadt;18597.0;1454.0;2.0
6;14;6.0;25.0;490.0;Radibor / Radwor;3163.0;2627.0;3.0
6;14;6.0;25.0;525.0;Schirgiswalde-Kirschau, Stadt;6142.0;2681.0;2.0
6;14;6.0;25.0;530.0;Schmölln-Putzkau;2964.0;1877.0;3.0
6;14;6.0;25;540.0;Schönteichen;2095;1920.0;2
6;14;6.0;25.0;550.0;Schwepnitz;2463.0;1936.0;3.0
6;14;6.0;25.0;560.0;Sohland a. d. Spree;6628.0;2689.0;3.0
6;14;6.0;25.0;570.0;Spreetal / Sprjewiny Doł;1832.0;2979.0;3.0
6;14;6.0;25.0;590.0;Steinigtwolmsdorf;2801.0;1904.0;2.0
6;14;6.0;25.0;600.0;Wachau;4271.0;1454.0;3.0
6;14;6.0;25.0;610.0;Weißenberg / Wóspork, Stadt;3067.0;2627.0;3.0
6;14;6.0;25.0;630.0;Wilthen, Stadt;4786.0;2681.0;2.0
6;14;6.0;25.0;640.0;Wittichenau / Kulow, Stadt;5723.0;2997.0;3.0
6;14;6.0;25.0;40.0;Bischofswerda, Stadt;10788.0;1877.0;2.0
6;14;6.0;25.0;510.0;Rammenau;1342.0;1877.0;3.0
6;14;6.0;25.0;140.0;Frankenthal;915.0;1909.0;3.0
6;14;6.0;25.0;170.0;Großharthau;2832.0;1909.0;3.0
6;14;6.0;25.0;190.0;Großpostwitz/O.L. / Budestecy;2740.0;2692.0;2.0
6;14;6.0;25.0;390.0;Obergurig / Hornja Hórka;2090.0;2692.0;3.0
6;14;6.0;25.0;270.0;Königsbrück, Stadt;4565.0;1936.0;3.0
6;14;6.0;25.0;300.0;Laußnitz;1837.0;1936.0;3.0
6;14;6.0;25.0;370.0;Neukirch;1624.0;1936.0;3.0
6;14;6.0;25.0;360.0;Neschwitz / Njeswačidło;2407.0;2699.0;3.0
6;14;6.0;25.0;460.0;Puschwitz / Bóšicy;808.0;2699.0;3.0
6;14;6.0;25.0;180.0;Großnaundorf;965.0;1936.0;3.0
6;14;6.0;25.0;320.0;Lichtenberg;1632.0;1896.0;3.0
6;14;6.0;25.0;410.0;Ohorn;2445.0;1896.0;2.0
6;14;6.0;25.0;450.0;Pulsnitz, Stadt;7433.0;1896.0;2.0
6;14;6.0;25.0;580.0;Steina;1649.0;1920.0;3.0
6;14;6.0;25.0;80.0;Crostwitz / Chrósćicy;1022.0;1920.0;3.0
6;14;6.0;25.0;350.0;Nebelschütz / Njebjelčicy;1208.0;1920.0;3.0
6;14;6.0;25.0;440.0;Panschwitz-Kuckau / Pančicy-Kukow;2071.0;1920.0;3.0
6;14;6.0;25.0;470.0;Räckelwitz / Worklecy;1111.0;1920.0;3.0
6;14;6.0;25.0;500.0;Ralbitz-Rosenthal / Ralbicy-Róžant;1709.0;1920.0;3.0
7;14;6.0;26.0;60.0;Boxberg/O.L. / Hamor;4337.0;2943.0;3.0
7;14;6.0;26.0;85.0;Ebersbach-Neugersdorf, Stadt;11679.0;2730.0;2.0
7;14;6.0;26.0;110.0;Görlitz, Stadt;55784.0;2826.0;1.0
7;14;6.0;26.0;180.0;Herrnhut, Stadt;5787.0;2747.0;3.0
7;14;6.0;26.0;245.0;Kottmar;7206.0;2739.0;2.0
7;14;6.0;26.0;250.0;Krauschwitz i.d. O.L. / Krušwica;3405.0;2957.0;3.0
7;14;6.0;26.0;280.0;Leutersdorf;3499.0;2794.0;2.0
7;14;6.0;26.0;300.0;Markersdorf;3891.0;2829.0;3.0
7;14;6.0;26.0;310.0;Mittelherwigsdorf;3582.0;2763.0;3.0
7;14;6.0;26.0;370.0;Niesky, Stadt;9198.0;2906.0;2.0
7;14;6.0;26.0;390.0;Oderwitz;4954.0;2791.0;2.0
7;14;6.0;26.0;420.0;Ostritz, Stadt;2215.0;2899.0;3.0
7;14;6.0;26.0;530.0;Seifhennersdorf, Stadt;3622.0;2782.0;2.0
7;14;6.0;26.0;610.0;Zittau, Stadt;24738.0;2763.0;2.0
7;14;6.0;26.0;10.0;Bad Muskau / Mužakow, Stadt;3681.0;2953.0;2.0
7;14;6.0;26.0;100.0;Gablenz / Jabłońc;1607.0;2953.0;3.0
7;14;6.0;26.0;30.0;Bernstadt a. d. Eigen, Stadt;3298.0;2748.0;3.0
7;14;6.0;26.0;500.0;Schönau-Berzdorf a. d. Eigen;1469.0;2899.0;3.0
7;14;6.0;26.0;140.0;Großschönau;5335.0;2779.0;2.0
7;14;6.0;26.0;170.0;Hainewalde;1511.0;2779.0;3.0
7;14;6.0;26.0;150.0;Großschweidnitz;1263.0;2708.0;2.0
7;14;6.0;26.0;270.0;Lawalde;1808.0;2708.0;3.0
7;14;6.0;26.0;290.0;Löbau, Stadt;14347.0;2708.0;2.0
7;14;6.0;26.0;470.0;Rosenbach;1573.0;2708.0;3.0
7;14;6.0;26.0;70.0;Dürrhennersdorf;962.0;2708.0;3.0
7;14;6.0;26.0;350.0;Neusalza-Spremberg, Stadt;3264.0;2742.0;3.0
7;14;6.0;26.0;510.0;Schönbach;1083.0;2708.0;3.0
7;14;6.0;26.0;50.0;Bertsdorf-Hörnitz;2046.0;2763.0;2.0
7;14;6.0;26.0;210.0;Jonsdorf, Kurort;1497.0;2796.0;3.0
7;14;6.0;26.0;400.0;Olbersdorf;4550.0;2785.0;2.0
7;14;6.0;26.0;430.0;Oybin;1324.0;2797.0;3.0
7;14;6.0;26.0;20.0;Beiersdorf;1129.0;2736.0;3.0
7;14;6.0;26.0;410.0;Oppach;2318.0;2736.0;3.0
7;14;6.0;26.0;240.0;Königshain;1165.0;2829.0;3.0
7;14;6.0;26.0;450.0;Reichenbach/O.L., Stadt;4915.0;2894.0;3.0
7;14;6.0;26.0;570.0;Vierkirchen;1645.0;2894.0;3.0
7;14;6.0;26.0;260.0;Kreba-Neudorf / Chrjebja-Nowa Wjes;857.0;2906.0;3.0
7;14;6.0;26.0;460.0;Rietschen / Rěčicy;2512.0;2956.0;3.0
7;14;6.0;26.0;160.0;Hähnichen;1232.0;2923.0;3.0
7;14;6.0;26.0;480.0;Rothenburg/O.L., Stadt;4405.0;2929.0;3.0
7;14;6.0;26.0;120.0;Groß Düben / Dźěwin;1070.0;2959.0;3.0
7;14;6.0;26.0;490.0;Schleife / Slepo;2400.0;2959.0;3.0
7;14;6.0;26.0;560.0;Trebendorf / Trjebin;831.0;2959.0;3.0
7;14;6.0;26.0;590.0;Weißkeißel / Wuskidź;1262.0;2957.0;3.0
7;14;6.0;26.0;600.0;Weißwasser/O.L., Stadt / Běła Woda;15640.0;2943.0;2.0
7;14;6.0;26.0;190.0;Hohendubrau / Wysoka Dubrawa;1881.0;2906.0;3.0
7;14;6.0;26.0;320.0;Mücka / Mikow;966.0;2906.0;3.0
7;14;6.0;26.0;440.0;Quitzdorf am See;1244.0;2906.0;3.0
7;14;6.0;26.0;580.0;Waldhufen;2405.0;2906.0;3.0
7;14;6.0;26.0;200.0;Horka;1673.0;2923.0;3.0
7;14;6.0;26.0;230.0;Kodersdorf;2387.0;2923.0;3.0
7;14;6.0;26.0;330.0;Neißeaue;1719.0;2829.0;3.0
7;14;6.0;26.0;520.0;Schöpstal;2387.0;2829.0;3.0
8;14;6.0;27.0;10.0;Coswig, Stadt;20694.0;1640.0;2.0
8;14;6.0;27.0;20.0;Diera-Zehren;3206.0;1665.0;3.0
8;14;6.0;27.0;30.0;Ebersbach;4325.0;1561.0;3.0
8;14;6.0;27.0;50.0;Gröditz, Stadt;6932.0;1609.0;2.0
8;14;6.0;27.0;60.0;Großenhain, Stadt;18062.0;1558.0;2.0
8;14;6.0;27.0;70.0;Hirschstein;1966.0;1594.0;3.0
8;14;6.0;27.0;80.0;Käbschütztal;2748.0;1665.0;3.0
8;14;6.0;27.0;100.0;Klipphausen;10336.0;1665.0;3.0
8;14;6.0;27.0;130.0;Lommatzsch, Stadt;4807.0;1623.0;3.0
8;14;6.0;27.0;140.0;Meißen, Stadt;28231.0;1662.0;2.0
8;14;6.0;27.0;150.0;Moritzburg;8363.0;1468.0;3.0
8;14;6.0;27.0;170.0;Niederau;4050.0;1689.0;2.0
8;14;6.0;27.0;180.0;Nossen, Stadt;10510.0;1683.0;3.0
8;14;6.0;27.0;200.0;Priestewitz;3163.0;1561.0;3.0
8;14;6.0;27.0;210.0;Radebeul, Stadt;33843.0;1445.0;1.0
8;14;6.0;27.0;220.0;Radeburg, Stadt;7268.0;1471.0;3.0
8;14;6.0;27.0;230.0;Riesa, Stadt;29256.0;1589.0;2.0
8;14;6.0;27.0;260.0;Stauchitz;3106.0;1594.0;3.0
8;14;6.0;27.0;270.0;Strehla, Stadt;3688.0;1616.0;3.0
8;14;6.0;27.0;290.0;Thiendorf;3778.0;1561.0;3.0
8;14;6.0;27.0;310.0;Weinböhla;10367.0;1689.0;2.0
8;14;6.0;27.0;360.0;Zeithain;5509.0;1619.0;3.0
8;14;6.0;27.0;40.0;Glaubitz;2091.0;1612.0;3.0
8;14;6.0;27.0;190.0;Nünchritz;5483.0;1612.0;3.0
8;14;6.0;27.0;240.0;Röderaue;2587.0;1609.0;3.0
8;14;6.0;27.0;340.0;Wülknitz;1656.0;1609.0;3.0
8;14;6.0;27.0;110.0;Lampertswalde;2520.0;1561.0;3.0
8;14;6.0;27.0;250.0;Schönfeld;1826.0;1561.0;3.0
9;14;6.0;28.0;50.0;Bannewitz;11083.0;1728.0;2.0
9;14;6.0;28.0;60.0;Dippoldiswalde, Stadt;14180.0;1744.0;2.0
9;14;6.0;28.0;100.0;Dürrröhrsdorf-Dittersbach;4269.0;1833.0;3.0
9;14;6.0;28.0;110.0;Freital, Stadt;39405.0;1705.0;2.0
9;14;6.0;28.0;130.0;Glashütte, Stadt;6730.0;1768.0;3.0
9;14;6.0;28.0;160.0;Heidenau, Stadt;16641.0;1809.0;2.0
9;14;6.0;28.0;190.0;Hohnstein, Stadt;3262.0;1848.0;3.0
9;14;6.0;28.0;220.0;Kreischa;4533.0;1731.0;3.0
9;14;6.0;28.0;260.0;Neustadt in Sachsen, Stadt;11962.0;1844.0;2.0
9;14;6.0;28.0;300.0;Rabenau, Stadt;4400.0;1734.0;3.0
9;14;6.0;28.0;360.0;Sebnitz, Stadt;9365.0;1855.0;2.0
9;14;6.0;28.0;380.0;Stolpen, Stadt;5564.0;1833.0;3.0
9;14;6.0;28.0;410.0;Wilsdruff, Stadt;14444.0;1723.0;3.0
9;14;6.0;28.0;10.0;Altenberg, Stadt;7880.0;1773.0;3.0
9;14;6.0;28.0;170.0;Hermsdorf/Erzgeb.;765.0;1776.0;3.0
9;14;6.0;28.0;20.0;Bad Gottleuba-Berggießhübel, Stadt;5538.0;1816.0;3.0
9;14;6.0;28.0;40.0;Bahretal;2147.0;1819.0;3.0
9;14;6.0;28.0;230.0;Liebstadt, Stadt;1273.0;1825.0;3.0
9;14;6.0;28.0;30.0;Bad Schandau, Stadt;3511.0;1814.0;3.0
9;14;6.0;28.0;320.0;Rathmannsdorf;900.0;1814.0;3.0
9;14;6.0;28.0;330.0;Reinhardtsdorf-Schöna;1302.0;1814.0;3.0
9;14;6.0;28.0;80.0;Dohna, Stadt;6163.0;1809.0;2.0
9;14;6.0;28.0;250.0;Müglitztal;1923.0;1809.0;3.0
9;14;6.0;28.0;140.0;Gohrisch;1792.0;1824.0;3.0
9;14;6.0;28.0;210.0;Königstein/Sächs. Schw., Stadt;2104.0;1824.0;3.0
9;14;6.0;28.0;310.0;Rathen, Kurort;339.0;1824.0;3.0
9;14;6.0;28.0;340.0;Rosenthal-Bielatal;1585.0;1824.0;3.0
9;14;6.0;28.0;390.0;Struppen;2491.0;1796.0;3.0
9;14;6.0;28.0;240.0;Lohmen;3099.0;1847.0;3.0
9;14;6.0;28.0;370.0;Stadt Wehlen, Stadt;1565.0;1829.0;3.0
9;14;6.0;28.0;70.0;Dohma;1956.0;1796.0;3.0
9;14;6.0;28.0;270.0;Pirna, Stadt;38284.0;1796.0;2.0
9;14;6.0;28.0;150.0;Hartmannsdorf-Reichenau;1011.0;1762.0;3.0
9;14;6.0;28.0;205.0;Klingenberg;6763.0;1774.0;3.0
9;14;6.0;28.0;90.0;Dorfhain;1077.0;1738.0;3.0
9;14;6.0;28.0;400.0;Tharandt, Stadt;5416.0;1737.0;3.0
10;14;7.0;13.0;0.0;Leipzig, Stadt;597493.0;4109.0;1.0
11;14;7.0;29.0;30.0;Bennewitz;4995.0;4828.0;2.0
11;14;7.0;29.0;40.0;Böhlen, Stadt;6662.0;4564.0;2.0
11;14;7.0;29.0;50.0;Borna, Stadt;19120.0;4552.0;2.0
11;14;7.0;29.0;60.0;Borsdorf;8219.0;4451.0;2.0
11;14;7.0;29.0;70.0;Brandis, Stadt;9638.0;4821.0;2.0
11;14;7.0;29.0;80.0;Colditz, Stadt;8374.0;4680.0;3.0
11;14;7.0;29.0;140.0;Frohburg, Stadt;12420.0;4654.0;3.0
11;14;7.0;29.0;150.0;Geithain, Stadt;6818.0;4643.0;3.0
11;14;7.0;29.0;160.0;Grimma, Stadt;28149.0;4668.0;2.0
11;14;7.0;29.0;170.0;Groitzsch, Stadt;7579.0;4539.0;2.0
11;14;7.0;29.0;190.0;Großpösna;5460.0;4463.0;3.0
11;14;7.0;29.0;220.0;Kitzscher, Stadt;5074.0;4567.0;3.0
11;14;7.0;29.0;230.0;Kohrens-Salis;3176;4655;3
11;14;7.0;29.0;245.0;Lossatal;6035.0;4808.0;3.0
11;14;7.0;29.0;250.0;Machern;6784.0;4827.0;3.0
11;14;7.0;29.0;260.0;Markkleeberg, Stadt;24664.0;4416.0;1.0
11;14;7.0;29.0;270.0;Markranstädt, Stadt;15824.0;4420.0;2.0
11;14;7.0;29.0;290.0;Narsdorf;1659;4643.0;3
11;14;7.0;29.0;320.0;Neukieritzsch;6811.0;4575.0;3.0
11;14;7.0;29.0;360.0;Regis-Breitingen, Stadt;3821.0;4565.0;3.0
11;14;7.0;29.0;370.0;Rötha, Stadt;6200.0;4571.0;2.0
11;14;7.0;29.0;380.0;Thallwitz;3557.0;4808.0;3.0
11;14;7.0;29.0;400.0;Trebsen/Mulde, Stadt;3795.0;4687.0;3.0
11;14;7.0;29.0;410.0;Wurzen, Stadt;16211.0;4808.0;2.0
11;14;7.0;29.0;430.0;Zwenkau, Stadt;9273.0;4442.0;2.0
11;14;7.0;29.0;10.0;Bad Lausick, Stadt;8087.0;4651.0;2.0
11;14;7.0;29.0;330.0;Otterwisch;1373.0;4668.0;3.0
11;14;7.0;29.0;20.0;Belgershain;3353.0;4683.0;3.0
11;14;7.0;29.0;300.0;Naunhof, Stadt;8721.0;4683.0;2.0
11;14;7.0;29.0;340.0;Parthenstein;3559.0;4668.0;3.0
11;14;7.0;29.0;100.0;Elstertrebnitz;1306.0;4523.0;3.0
11;14;7.0;29.0;350.0;Pegau, Stadt;6504.0;4523.0;2.0
12;14;7.0;30.0;20.0;Bad Düben, Stadt;7833.0;4849.0;2.0
12;14;7.0;30.0;45.0;Belgern-Schildau, Stadt;7647.0;4874.0;3.0
12;14;7.0;30.0;50.0;Cavertitz;2207.0;4758.0;3.0
12;14;7.0;30.0;60.0;Dahlen, Stadt;4189.0;4774.0;3.0
12;14;7.0;30.0;70.0;Delitzsch, Stadt;24755.0;4509.0;2.0
12;14;7.0;30.0;80.0;Doberschütz;4082.0;4838.0;3.0
12;14;7.0;30.0;110.0;Eilenburg, Stadt;15662.0;4838.0;2.0
12;14;7.0;30.0;160.0;Laußig;3620.0;4838.0;3.0
12;14;7.0;30.0;170.0;Liebschützberg;2958.0;4758.0;3.0
12;14;7.0;30.0;180.0;Löbnitz;2088.0;4509.0;3.0
12;14;7.0;30.0;190.0;Mockrehna;4976.0;4862.0;3.0
12;14;7.0;30.0;200.0;Mügeln, Stadt;5855.0;4769.0;3.0
12;14;7.0;30.0;210.0;Naundorf;2224.0;4769.0;3.0
12;14;7.0;30.0;230.0;Oschatz, Stadt;13917.0;4758.0;2.0
12;14;7.0;30.0;250.0;Rackwitz;5317.0;4519.0;3.0
12;14;7.0;30.0;270.0;Schkeuditz, Stadt;18287.0;4435.0;2.0
12;14;7.0;30.0;300.0;Taucha, Stadt;15709.0;4425.0;2.0
12;14;7.0;30.0;330.0;Wermsdorf;5218.0;4779.0;3.0
12;14;7.0;30.0;340.0;Wiedemar;5306.0;4509.0;3.0
12;14;7.0;30.0;10.0;Arzberg;1874.0;4886.0;3.0
12;14;7.0;30.0;30.0;Beilrode;4122.0;4886.0;3.0
12;14;7.0;30.0;90.0;Dommitzsch, Stadt;2426.0;4880.0;3.0
12;14;7.0;30.0;120.0;Elsnig;1385.0;4880.0;3.0
12;14;7.0;30.0;320.0;Trossin;1246.0;4880.0;3.0
12;14;7.0;30.0;150.0;Krostitz;4096.0;4509.0;3.0
12;14;7.0;30.0;280.0;Schönwölkau;2597.0;4509.0;3.0
12;14;7.0;30.0;100.0;Dreiheide;2118.0;4860.0;3.0
12;14;7.0;30.0;310.0;Torgau, Stadt;19768.0;4860.0;2.0
12;14;7.0;30.0;140.0;Jesewitz;3090.0;4838.0;3.0
12;14;7.0;30.0;360.0;Zschepplin;2872.0;4838.0;3.0